25,auxiliary,vsploit/pii/email_pii,MAILTO|SUBJECT
80,auxiliary,voip/telisca_ips_lock_control,PHONENAME
5060,auxiliary,voip/sip_invite_spoof,
5060,auxiliary,voip/sip_deregister,
80,auxiliary,voip/cisco_cucdm_speed_dials,
80,auxiliary,voip/cisco_cucdm_call_forward,
5038,auxiliary,voip/asterisk_login,
1521,auxiliary,sqli/oracle/lt_rollbackworkspace,
1521,auxiliary,sqli/oracle/lt_removeworkspace,
1521,auxiliary,sqli/oracle/lt_mergeworkspace,
1521,auxiliary,sqli/oracle/lt_findricset_cursor,
1521,auxiliary,sqli/oracle/lt_compressworkspace,
1521,auxiliary,sqli/oracle/jvm_os_code_11g,
1521,auxiliary,sqli/oracle/jvm_os_code_10g,
1521,auxiliary,sqli/oracle/dbms_metadata_open,
1521,auxiliary,sqli/oracle/dbms_metadata_get_xml,
1521,auxiliary,sqli/oracle/dbms_metadata_get_granted_xml,
1521,auxiliary,sqli/oracle/dbms_export_extension,
1521,auxiliary,sqli/oracle/dbms_cdc_subscribe_activate_subscription,
1521,auxiliary,sqli/oracle/dbms_cdc_publish3,
1521,auxiliary,sqli/oracle/dbms_cdc_publish2,
1521,auxiliary,sqli/oracle/dbms_cdc_publish,
1521,auxiliary,sqli/oracle/dbms_cdc_ipublish,
6000,auxiliary,scanner/x11/open_x11,
5985,auxiliary,scanner/winrm/winrm_wql,USERNAME|PASSWORD
5985,auxiliary,scanner/winrm/winrm_login,
5985,auxiliary,scanner/winrm/winrm_cmd,USERNAME|PASSWORD
5985,auxiliary,scanner/winrm/winrm_auth_methods,
17185,auxiliary,scanner/vxworks/wdbrpc_version,
17185,auxiliary,scanner/vxworks/wdbrpc_bootline,
5900,auxiliary,scanner/vnc/vnc_none_auth,
5900,auxiliary,scanner/vnc/vnc_login,
9084,auxiliary,scanner/vmware/vmware_update_manager_traversal,
8222,auxiliary,scanner/vmware/vmware_server_dir_trav,
443,auxiliary,scanner/vmware/vmware_screenshot_stealer,
443,auxiliary,scanner/vmware/vmware_http_login,
443,auxiliary,scanner/vmware/vmware_host_details,
443,auxiliary,scanner/vmware/vmware_enum_vms,
443,auxiliary,scanner/vmware/vmware_enum_users,
443,auxiliary,scanner/vmware/vmware_enum_sessions,
443,auxiliary,scanner/vmware/vmware_enum_permissions,
902,auxiliary,scanner/vmware/vmauthd_version,
902,auxiliary,scanner/vmware/vmauthd_login,
443,auxiliary,scanner/vmware/esx_fingerprint,
6082,auxiliary,scanner/varnish/varnish_cli_login,
1900,auxiliary,scanner/upnp/ssdp_msearch,
1900,auxiliary,scanner/upnp/ssdp_amp,
69,auxiliary,scanner/tftp/tftpbrute,
69,auxiliary,scanner/tftp/netdecision_tftp,
69,auxiliary,scanner/tftp/ipswitch_whatsupgold_tftp,
23,auxiliary,scanner/telnet/telnet_version,
23,auxiliary,scanner/telnet/telnet_ruggedcom,
23,auxiliary,scanner/telnet/telnet_login,
23,auxiliary,scanner/telnet/telnet_encrypt_overflow,
5000,auxiliary,scanner/telnet/satel_cmd_exec,
9999,auxiliary,scanner/telnet/lantronix_telnet_version,
30718,auxiliary,scanner/telnet/lantronix_telnet_password,
23,auxiliary,scanner/telnet/brocade_enable_login,
27015,auxiliary,scanner/steam/server_info,
443,auxiliary,scanner/ssl/openssl_heartbleed,
443,auxiliary,scanner/ssl/openssl_ccs,
22,auxiliary,scanner/ssh/ssh_version,
22,auxiliary,scanner/ssh/ssh_login_pubkey,KEY_PATH
22,auxiliary,scanner/ssh/ssh_login,
22,auxiliary,scanner/ssh/ssh_identify_pubkeys,KEY_FILE
22,auxiliary,scanner/ssh/ssh_enumusers,USER_FILE
8101,auxiliary,scanner/ssh/karaf_login,
22,auxiliary,scanner/ssh/juniper_backdoor,
22,auxiliary,scanner/ssh/fortinet_backdoor,
22,auxiliary,scanner/ssh/detect_kippo,
22,auxiliary,scanner/ssh/cerberus_sftp_enumusers,USER_FILE
8101,auxiliary,scanner/ssh/apache_karaf_command_execution,
161,auxiliary,scanner/snmp/xerox_workcentre_enumusers,
161,auxiliary,scanner/snmp/ubee_ddw3611,
161,auxiliary,scanner/snmp/snmp_set,OID|OIDVALUE
161,auxiliary,scanner/snmp/snmp_login,
161,auxiliary,scanner/snmp/snmp_enumusers,
161,auxiliary,scanner/snmp/snmp_enumshares,
161,auxiliary,scanner/snmp/snmp_enum_hp_laserjet,
161,auxiliary,scanner/snmp/snmp_enum,
161,auxiliary,scanner/snmp/sbg6580_enum,
161,auxiliary,scanner/snmp/netopia_enum,
161,auxiliary,scanner/snmp/cisco_upload_file,SOURCE
161,auxiliary,scanner/snmp/cisco_config_tftp,
161,auxiliary,scanner/snmp/cambium_snmp_loot,
161,auxiliary,scanner/snmp/brocade_enumhash,
161,auxiliary,scanner/snmp/arris_dg950,
161,auxiliary,scanner/snmp/aix_version,
25,auxiliary,scanner/smtp/smtp_version,
25,auxiliary,scanner/smtp/smtp_relay,
25,auxiliary,scanner/smtp/smtp_ntlm_domain,
25,auxiliary,scanner/smtp/smtp_enum,
445,auxiliary,scanner/smb/smb_ms17_010,
445,auxiliary,scanner/smb/smb_login,
445,auxiliary,scanner/smb/smb_enum_gpp,
445,auxiliary,scanner/smb/smb2,
445,auxiliary,scanner/smb/smb1,
445,auxiliary,scanner/smb/psexec_loggedin_users,
5060,auxiliary,scanner/sip/options_tcp,
5060,auxiliary,scanner/sip/options,
5060,auxiliary,scanner/sip/enumerator_tcp,
5060,auxiliary,scanner/sip/enumerator,
46824,auxiliary,scanner/scada/sielco_winlog_fileaccess,
4800,auxiliary,scanner/scada/moxa_discover,
502,auxiliary,scanner/scada/modbusdetect,
502,auxiliary,scanner/scada/modbusclient,DATA_ADDRESS
502,auxiliary,scanner/scada/modbus_findunitid,
28784,auxiliary,scanner/scada/koyo_login,
80,auxiliary,scanner/scada/indusoft_ntwebserver_fileaccess,
771,auxiliary,scanner/scada/digi_realport_version,
771,auxiliary,scanner/scada/digi_realport_serialport_scan,
2362,auxiliary,scanner/scada/digi_addp_version,
2362,auxiliary,scanner/scada/digi_addp_reboot,
8000,auxiliary,scanner/sap/sap_web_gui_brute_login,
8000,auxiliary,scanner/sap/sap_soap_th_saprel_disclosure,
8000,auxiliary,scanner/sap/sap_soap_rfc_system_info,
8000,auxiliary,scanner/sap/sap_soap_rfc_sxpg_command_exec,
8000,auxiliary,scanner/sap/sap_soap_rfc_sxpg_call_system_exec,
8000,auxiliary,scanner/sap/sap_soap_rfc_susr_rfc_user_interface,
80,auxiliary,scanner/sap/sap_soap_rfc_rzl_read_dir,
8000,auxiliary,scanner/sap/sap_soap_rfc_read_table,
8000,auxiliary,scanner/sap/sap_soap_rfc_ping,
80,auxiliary,scanner/sap/sap_soap_rfc_pfl_check_os_file_existence,
8000,auxiliary,scanner/sap/sap_soap_rfc_eps_get_directory_listing,
8000,auxiliary,scanner/sap/sap_soap_rfc_dbmcli_sxpg_command_exec,
80,auxiliary,scanner/sap/sap_soap_rfc_dbmcli_sxpg_call_system_command_exec,
8000,auxiliary,scanner/sap/sap_soap_rfc_brute_login,
8000,auxiliary,scanner/sap/sap_soap_bapi_user_create1,
8000,auxiliary,scanner/sap/sap_smb_relay,LHOST
3299,auxiliary,scanner/sap/sap_router_portscanner,TARGETS
3299,auxiliary,scanner/sap/sap_router_info_request,
50013,auxiliary,scanner/sap/sap_mgmt_con_version,
50013,auxiliary,scanner/sap/sap_mgmt_con_startprofile,
50013,auxiliary,scanner/sap/sap_mgmt_con_listlogfiles,
50013,auxiliary,scanner/sap/sap_mgmt_con_instanceproperties,
50013,auxiliary,scanner/sap/sap_mgmt_con_getprocessparameter,
50013,auxiliary,scanner/sap/sap_mgmt_con_getprocesslist,
50013,auxiliary,scanner/sap/sap_mgmt_con_getlogfiles,
50013,auxiliary,scanner/sap/sap_mgmt_con_getenv,
50013,auxiliary,scanner/sap/sap_mgmt_con_getaccesspoints,
50013,auxiliary,scanner/sap/sap_mgmt_con_extractusers,
50013,auxiliary,scanner/sap/sap_mgmt_con_brute_login,
50013,auxiliary,scanner/sap/sap_mgmt_con_abaplog,
80,auxiliary,scanner/sap/sap_icm_urlscan,
8000,auxiliary,scanner/sap/sap_icf_public_info,
1128,auxiliary,scanner/sap/sap_hostctrl_getcomputersystem,
50000,auxiliary,scanner/sap/sap_ctc_verb_tampering_user_mgmt,
873,auxiliary,scanner/rsync/modules_list,
514,auxiliary,scanner/rservices/rsh_login,
513,auxiliary,scanner/rservices/rlogin_login,
512,auxiliary,scanner/rservices/rexec_login,
80,auxiliary,scanner/rogue/rogue_send,EHOST
80,auxiliary,scanner/rogue/rogue_recv,
6379,auxiliary,scanner/redis/redis_server,
6379,auxiliary,scanner/redis/redis_login,
6379,auxiliary,scanner/redis/file_upload,
3389,auxiliary,scanner/rdp/rdp_scanner,
3389,auxiliary,scanner/rdp/ms12_020_check,
27960,auxiliary,scanner/quake/server_info,
9100,auxiliary,scanner/printer/printer_version_info,
9100,auxiliary,scanner/printer/printer_upload_file,
9100,auxiliary,scanner/printer/printer_ready_message,
9100,auxiliary,scanner/printer/printer_list_volumes,
9100,auxiliary,scanner/printer/printer_list_dir,
9100,auxiliary,scanner/printer/printer_env_vars,
9100,auxiliary,scanner/printer/printer_download_file,
9100,auxiliary,scanner/printer/printer_delete_file,
8000,auxiliary,scanner/printer/canon_iradv_pwd_extract,
5432,auxiliary,scanner/postgres/postgres_version,
5432,auxiliary,scanner/postgres/postgres_schemadump,
5432,auxiliary,scanner/postgres/postgres_login,
5432,auxiliary,scanner/postgres/postgres_hashdump,
5432,auxiliary,scanner/postgres/postgres_dbname_flag_injection,
111,auxiliary,scanner/portmap/portmap_amp,
110,auxiliary,scanner/pop3/pop3_version,
110,auxiliary,scanner/pop3/pop3_login,
5632,auxiliary,scanner/pcanywhere/pcanywhere_udp,
5631,auxiliary,scanner/pcanywhere/pcanywhere_tcp,
5631,auxiliary,scanner/pcanywhere/pcanywhere_login,
8080,auxiliary,scanner/oracle/xdb_sid_brute,
8080,auxiliary,scanner/oracle/xdb_sid,
1521,auxiliary,scanner/oracle/tnspoison_checker,
1521,auxiliary,scanner/oracle/tnslsnr_version,
1158,auxiliary,scanner/oracle/spy_sid,
1521,auxiliary,scanner/oracle/sid_enum,
1521,auxiliary,scanner/oracle/sid_brute,
1521,auxiliary,scanner/oracle/oracle_hashdump,
5560,auxiliary,scanner/oracle/isqlplus_sidbrute,
5560,auxiliary,scanner/oracle/isqlplus_login,
1158,auxiliary,scanner/oracle/emc_sid,
9391,auxiliary,scanner/openvas/openvas_otp_login,
9390,auxiliary,scanner/openvas/openvas_omp_login,
443,auxiliary,scanner/openvas/openvas_gsad_login,
123,auxiliary,scanner/ntp/ntp_readvar,
123,auxiliary,scanner/ntp/ntp_nak_to_the_future,
123,auxiliary,scanner/ntp/ntp_monlist,
119,auxiliary,scanner/nntp/nntp_login,
111,auxiliary,scanner/nfs/nfsmount,
3780,auxiliary,scanner/nexpose/nexpose_api_login,
137,auxiliary,scanner/netbios/nbname,
8834,auxiliary,scanner/nessus/nessus_xmlrpc_ping,
8834,auxiliary,scanner/nessus/nessus_xmlrpc_login,
8834,auxiliary,scanner/nessus/nessus_rest_login,
1241,auxiliary,scanner/nessus/nessus_ntp_login,
5351,auxiliary,scanner/natpmp/natpmp_portscan,
3306,auxiliary,scanner/mysql/mysql_writable_dirs,DIR_LIST
3306,auxiliary,scanner/mysql/mysql_version,
3306,auxiliary,scanner/mysql/mysql_schemadump,
3306,auxiliary,scanner/mysql/mysql_login,
3306,auxiliary,scanner/mysql/mysql_hashdump,
3306,auxiliary,scanner/mysql/mysql_file_enum,FILE_LIST
3306,auxiliary,scanner/mysql/mysql_authbypass_hashdump,
1433,auxiliary,scanner/mssql/mssql_schemadump,
1433,auxiliary,scanner/mssql/mssql_login,
1433,auxiliary,scanner/mssql/mssql_hashdump,
3790,auxiliary,scanner/msf/msf_web_login,
55553,auxiliary,scanner/msf/msf_rpc_login,
407,auxiliary,scanner/motorola/timbuktu_udp,
27017,auxiliary,scanner/mongodb/mongodb_login,
998,auxiliary,scanner/misc/zenworks_preboot_fileaccess,
111,auxiliary,scanner/misc/sunrpc_portmapper,
32764,auxiliary,scanner/misc/sercomm_backdoor_scanner,
13364,auxiliary,scanner/misc/rosewill_rxs3211_passwords,
9000,auxiliary,scanner/misc/raysharp_dvr_passwords,
1099,auxiliary,scanner/misc/java_rmi_server,
3050,auxiliary,scanner/misc/ib_service_mgr_info,
831,auxiliary,scanner/misc/easycafe_server_fileaccess,
80,auxiliary,scanner/misc/dvr_config_disclosure,
37777,auxiliary,scanner/misc/dahua_dvr_auth_bypass,
3310,auxiliary,scanner/misc/clamav_control,
4786,auxiliary,scanner/misc/cisco_smart_install,
5920,auxiliary,scanner/misc/cctv_dvr_login,
5353,auxiliary,scanner/mdns/query,
80,auxiliary,scanner/lotus/lotus_domino_version,
80,auxiliary,scanner/lotus/lotus_domino_login,
80,auxiliary,scanner/lotus/lotus_domino_hashes,
5355,auxiliary,scanner/llmnr/query,
4672,auxiliary,scanner/kademlia/server_info,
623,auxiliary,scanner/ipmi/ipmi_version,
623,auxiliary,scanner/ipmi/ipmi_dumphashes,
623,auxiliary,scanner/ipmi/ipmi_cipher_zero,
80,auxiliary,scanner/ip/ipidseq,
143,auxiliary,scanner/imap/imap_version,
500,auxiliary,scanner/ike/cisco_ike_benigncertain,
8080,auxiliary,scanner/http/zenworks_assetmanagement_getconfig,
8080,auxiliary,scanner/http/zenworks_assetmanagement_fileaccess,
80,auxiliary,scanner/http/zabbix_login,
8080,auxiliary,scanner/http/yaws_traversal,
80,auxiliary,scanner/http/xpath,
80,auxiliary,scanner/http/wp_subscribe_comments_file_read,WP_USER|WP_PASS
80,auxiliary,scanner/http/wp_simple_backup_file_read,
80,auxiliary,scanner/http/wp_nextgen_galley_file_read,WP_USER|WP_PASS
80,auxiliary,scanner/http/wp_mobileedition_file_read,
80,auxiliary,scanner/http/wp_mobile_pack_info_disclosure,
80,auxiliary,scanner/http/wp_gimedia_library_file_read,
80,auxiliary,scanner/http/wp_dukapress_file_read,
80,auxiliary,scanner/http/wp_contus_video_gallery_sqli,
80,auxiliary,scanner/http/wordpress_xmlrpc_login,
80,auxiliary,scanner/http/wordpress_scanner,
80,auxiliary,scanner/http/wordpress_pingback_access,
80,auxiliary,scanner/http/wordpress_multicall_creds,
80,auxiliary,scanner/http/wordpress_login_enum,
80,auxiliary,scanner/http/wordpress_ghost_scanner,
80,auxiliary,scanner/http/wordpress_cp_calendar_sqli,
80,auxiliary,scanner/http/wordpress_content_injection,
8080,auxiliary,scanner/http/wildfly_traversal,
80,auxiliary,scanner/http/webpagetest_traversal,
80,auxiliary,scanner/http/webdav_website_content,
80,auxiliary,scanner/http/webdav_scanner,
80,auxiliary,scanner/http/webdav_internal_ip,
80,auxiliary,scanner/http/web_vulndb,VULNCSV
85,auxiliary,scanner/http/wangkongbao_traversal,
80,auxiliary,scanner/http/vhost_scanner,DOMAIN
80,auxiliary,scanner/http/verb_auth_bypass,
80,auxiliary,scanner/http/vcms_login,
80,auxiliary,scanner/http/typo3_bruteforce,
80,auxiliary,scanner/http/trace_axd,
80,auxiliary,scanner/http/trace,
80,auxiliary,scanner/http/tplink_traversal_noauth,
8080,auxiliary,scanner/http/tomcat_mgr_login,
8080,auxiliary,scanner/http/tomcat_enum,
80,auxiliary,scanner/http/title,
31001,auxiliary,scanner/http/titan_ftp_admin_pwd,
80,auxiliary,scanner/http/symantec_web_gateway_login,
41080,auxiliary,scanner/http/symantec_brightmail_logfile,USERNAME|PASSWORD
443,auxiliary,scanner/http/symantec_brightmail_ldapcreds,USERNAME|PASSWORD
8000,auxiliary,scanner/http/sybase_easerver_traversal,
80,auxiliary,scanner/http/svn_wcdb_scanner,
80,auxiliary,scanner/http/svn_scanner,
9080,auxiliary,scanner/http/surgenews_user_creds,
8080,auxiliary,scanner/http/support_center_plus_directory_traversal,
80,auxiliary,scanner/http/ssl_version,
443,auxiliary,scanner/http/ssl,
80,auxiliary,scanner/http/squiz_matrix_user_enum,
80,auxiliary,scanner/http/squid_pivot_scanning,RANGE
8000,auxiliary,scanner/http/splunk_web_login,
4444,auxiliary,scanner/http/sockso_traversal,
80,auxiliary,scanner/http/soap_xml,
80,auxiliary,scanner/http/smt_ipmi_url_redirect_traversal,
443,auxiliary,scanner/http/smt_ipmi_static_cert_scanner,
80,auxiliary,scanner/http/smt_ipmi_cgi_scanner,
49152,auxiliary,scanner/http/smt_ipmi_49152_exposure,
80,auxiliary,scanner/http/simple_webserver_traversal,
80,auxiliary,scanner/http/sevone_enum,
8080,auxiliary,scanner/http/servicedesk_plus_traversal,
80,auxiliary,scanner/http/sentry_cdu_enum,
80,auxiliary,scanner/http/scraper,
8080,auxiliary,scanner/http/sap_businessobjects_version_enum,
8080,auxiliary,scanner/http/sap_businessobjects_user_enum,
6405,auxiliary,scanner/http/sap_businessobjects_user_brute_web,
8080,auxiliary,scanner/http/sap_businessobjects_user_brute,
80,auxiliary,scanner/http/s40_traversal,
80,auxiliary,scanner/http/robots_txt,
80,auxiliary,scanner/http/riverbed_steelhead_vcx_file_read,
80,auxiliary,scanner/http/rips_traversal,
80,auxiliary,scanner/http/rfcode_reader_enum,
80,auxiliary,scanner/http/rewrite_proxy_bypass,
80,auxiliary,scanner/http/replace_ext,
80,auxiliary,scanner/http/rails_xml_yaml_scanner,
80,auxiliary,scanner/http/rails_mass_assignment,
80,auxiliary,scanner/http/rails_json_yaml_scanner,
80,auxiliary,scanner/http/radware_appdirector_enum,
80,auxiliary,scanner/http/prev_dir_same_name_file,
80,auxiliary,scanner/http/pocketpad_login,
443,auxiliary,scanner/http/owa_login,
443,auxiliary,scanner/http/owa_iis_internal_ip,
443,auxiliary,scanner/http/owa_ews_login,
443,auxiliary,scanner/http/oracle_ilom_login,
8080,auxiliary,scanner/http/oracle_demantra_file_retrieval,
8080,auxiliary,scanner/http/oracle_demantra_database_credentials_leak,
80,auxiliary,scanner/http/options,
8888,auxiliary,scanner/http/openmind_messageos_login,
8080,auxiliary,scanner/http/open_proxy,
80,auxiliary,scanner/http/octopusdeploy_login,
80,auxiliary,scanner/http/ntlm_info_enumeration,
80,auxiliary,scanner/http/novell_mdm_creds,
3037,auxiliary,scanner/http/novell_file_reporter_srs_fileaccess,
3037,auxiliary,scanner/http/novell_file_reporter_fsfui_fileaccess,
80,auxiliary,scanner/http/nginx_source_disclosure,PATH_SAVE
80,auxiliary,scanner/http/netgear_sph200d_traversal,
8087,auxiliary,scanner/http/netdecision_traversal,
80,auxiliary,scanner/http/mybook_live_login,
80,auxiliary,scanner/http/ms15_034_http_sys_memory_dump,
80,auxiliary,scanner/http/ms09_020_webdav_unicode_bypass,
80,auxiliary,scanner/http/mod_negotiation_scanner,
80,auxiliary,scanner/http/mod_negotiation_brute,
8080,auxiliary,scanner/http/meteocontrol_weblog_extractadmin,
80,auxiliary,scanner/http/mediawiki_svg_fileaccess,
6262,auxiliary,scanner/http/manageengine_securitymanager_traversal,
6060,auxiliary,scanner/http/manageengine_deviceexpert_user_creds,
6060,auxiliary,scanner/http/manageengine_deviceexpert_traversal,
80,auxiliary,scanner/http/manageengine_desktop_central_login,
80,auxiliary,scanner/http/majordomo2_directory_traversal,
80,auxiliary,scanner/http/lucky_punch,
80,auxiliary,scanner/http/litespeed_source_disclosure,PATH_SAVE
80,auxiliary,scanner/http/linksys_e1500_traversal,
80,auxiliary,scanner/http/linknat_vos_traversal,
80,auxiliary,scanner/http/kodi_traversal,
80,auxiliary,scanner/http/joomla_version,
80,auxiliary,scanner/http/joomla_plugins,
80,auxiliary,scanner/http/joomla_pages,
80,auxiliary,scanner/http/joomla_gallerywd_sqli_scanner,
80,auxiliary,scanner/http/joomla_ecommercewd_sqli_scanner,
80,auxiliary,scanner/http/joomla_bruteforce_login,
8080,auxiliary,scanner/http/jenkins_login,
80,auxiliary,scanner/http/jenkins_enum,
80,auxiliary,scanner/http/jenkins_command,
80,auxiliary,scanner/http/jboss_vulnscan,
8080,auxiliary,scanner/http/jboss_status,
80,auxiliary,scanner/http/ipboard_login,
16992,auxiliary,scanner/http/intel_amt_digest_bypass,
443,auxiliary,scanner/http/infovista_enum,
8086,auxiliary,scanner/http/influxdb_enum,
80,auxiliary,scanner/http/iis_internal_ip,
80,auxiliary,scanner/http/httpbl_lookup,HTTPBL_APIKEY
80,auxiliary,scanner/http/http_version,
80,auxiliary,scanner/http/http_traversal,
80,auxiliary,scanner/http/http_put,
80,auxiliary,scanner/http/http_login,
443,auxiliary,scanner/http/http_hsts,
80,auxiliary,scanner/http/http_header,
80,auxiliary,scanner/http/hp_sys_mgmt_login,
8080,auxiliary,scanner/http/hp_sitescope_loadfilecontent_fileaccess,
8080,auxiliary,scanner/http/hp_sitescope_getsitescopeconfiguration,
8080,auxiliary,scanner/http/hp_sitescope_getfileinternal_fileaccess,
8080,auxiliary,scanner/http/hp_imc_som_file_download,
8080,auxiliary,scanner/http/hp_imc_reportimgservlt_traversal,
8080,auxiliary,scanner/http/hp_imc_ictdownloadservlet_traversal,
8080,auxiliary,scanner/http/hp_imc_faultdownloadservlet_traversal,
8080,auxiliary,scanner/http/hp_imc_bims_downloadservlet_traversal,
80,auxiliary,scanner/http/host_header_injection,
7181,auxiliary,scanner/http/groupwise_agents_http_traversal,
80,auxiliary,scanner/http/goahead_traversal,
4848,auxiliary,scanner/http/glassfish_login,
80,auxiliary,scanner/http/gitlab_user_enum,
80,auxiliary,scanner/http/gitlab_login,
80,auxiliary,scanner/http/git_scanner,
80,auxiliary,scanner/http/gavazzi_em_login_loot,
80,auxiliary,scanner/http/files_dir,
80,auxiliary,scanner/http/file_same_name_dir,
80,auxiliary,scanner/http/f5_mgmt_scanner,
80,auxiliary,scanner/http/f5_bigip_virtual_server,
80,auxiliary,scanner/http/etherpad_duo_login,
80,auxiliary,scanner/http/error_sql_injection,
80,auxiliary,scanner/http/epmp1000_web_login,
80,auxiliary,scanner/http/epmp1000_dump_hashes,
80,auxiliary,scanner/http/epmp1000_dump_config,
80,auxiliary,scanner/http/epmp1000_cmd_exec,
80,auxiliary,scanner/http/enum_wayback,DOMAIN
9200,auxiliary,scanner/http/elasticsearch_traversal,
80,auxiliary,scanner/http/ektron_cms400net,
80,auxiliary,scanner/http/drupal_views_user_enum,
80,auxiliary,scanner/http/dolibarr_login,
80,auxiliary,scanner/http/dnalims_file_retrieve,
80,auxiliary,scanner/http/dlink_user_agent_backdoor,
80,auxiliary,scanner/http/dlink_dir_session_cgi_http_login,
80,auxiliary,scanner/http/dlink_dir_615h_http_login,
80,auxiliary,scanner/http/dlink_dir_300_615_http_login,
80,auxiliary,scanner/http/dir_webdav_unicode_bypass,
80,auxiliary,scanner/http/dir_scanner,
80,auxiliary,scanner/http/dir_listing,
443,auxiliary,scanner/http/dell_idrac,
80,auxiliary,scanner/http/crawler,
80,auxiliary,scanner/http/copy_of_file,
80,auxiliary,scanner/http/concrete5_member_list,
80,auxiliary,scanner/http/coldfusion_version,
80,auxiliary,scanner/http/coldfusion_locale_traversal,
80,auxiliary,scanner/http/clansphere_traversal,
443,auxiliary,scanner/http/cisco_ssl_vpn_priv_esc,
443,auxiliary,scanner/http/cisco_ssl_vpn,
443,auxiliary,scanner/http/cisco_nac_manager_traversal,
443,auxiliary,scanner/http/cisco_ironport_enum,
80,auxiliary,scanner/http/cisco_ios_auth_bypass,
80,auxiliary,scanner/http/cisco_firepower_login,
80,auxiliary,scanner/http/cisco_firepower_download,
80,auxiliary,scanner/http/cisco_device_manager,
443,auxiliary,scanner/http/cisco_asa_asdm,
8008,auxiliary,scanner/http/chromecast_wifi,
8008,auxiliary,scanner/http/chromecast_webserver,
443,auxiliary,scanner/http/chef_webui_login,
443,auxiliary,scanner/http/cert,
80,auxiliary,scanner/http/canon_wireless,
80,auxiliary,scanner/http/caidao_bruteforce_login,
81,auxiliary,scanner/http/buildmaster_login,
80,auxiliary,scanner/http/buffalo_login,
80,auxiliary,scanner/http/brute_dirs,
80,auxiliary,scanner/http/bmc_trackit_passwd_reset,
80,auxiliary,scanner/http/blind_sql_query,
80,auxiliary,scanner/http/bitweaver_overlay_type_traversal,
80,auxiliary,scanner/http/binom3_login_config_pass_dump,
80,auxiliary,scanner/http/bavision_cam_login,
8000,auxiliary,scanner/http/barracuda_directory_traversal,
80,auxiliary,scanner/http/backup_file,
8080,auxiliary,scanner/http/axis_login,
8080,auxiliary,scanner/http/axis_local_file_include,
8095,auxiliary,scanner/http/atlassian_crowd_fileaccess,
80,auxiliary,scanner/http/appletv_login,
80,auxiliary,scanner/http/apache_userdir_enum,
80,auxiliary,scanner/http/apache_mod_cgi_bash_env,TARGETURI
8161,auxiliary,scanner/http/apache_activemq_traversal,
8161,auxiliary,scanner/http/apache_activemq_source_disclosure,
80,auxiliary,scanner/http/allegro_rompager_misfortune_cookie,
80,auxiliary,scanner/http/advantech_webaccess_login,
8400,auxiliary,scanner/http/adobe_xml_inject,
443,auxiliary,scanner/http/accellion_fta_statecode_file_read,
80,auxiliary,scanner/http/a10networks_ax_directory_traversal,
1720,auxiliary,scanner/h323/h323_version,
21,auxiliary,scanner/ftp/titanftp_xcrc_traversal,
21,auxiliary,scanner/ftp/pcman_ftp_traversal,
21,auxiliary,scanner/ftp/konica_ftp_traversal,
21,auxiliary,scanner/ftp/ftp_version,
21,auxiliary,scanner/ftp/ftp_login,
21,auxiliary,scanner/ftp/easy_file_sharing_ftp,
21,auxiliary,scanner/ftp/colorado_ftp_traversal,
21,auxiliary,scanner/ftp/bison_ftp_traversal,
21,auxiliary,scanner/ftp/anonymous,
79,auxiliary,scanner/finger/finger_users,
3500,auxiliary,scanner/emc/alphastor_librarymanager,
3000,auxiliary,scanner/emc/alphastor_devicemanager,
9200,auxiliary,scanner/elasticsearch/indices_enum,
53,auxiliary,scanner/dns/dns_amp,
2067,auxiliary,scanner/dlsw/dlsw_leak_capture,
5040,auxiliary,scanner/dcerpc/windows_deployment_services,
135,auxiliary,scanner/dcerpc/tcp_dcerpc_auditor,
135,auxiliary,scanner/dcerpc/management,
135,auxiliary,scanner/dcerpc/endpoint_mapper,
523,auxiliary,scanner/db2/discovery,
50000,auxiliary,scanner/db2/db2_version,
50000,auxiliary,scanner/db2/db2_auth,
5984,auxiliary,scanner/couchdb/couchdb_login,
5984,auxiliary,scanner/couchdb/couchdb_enum,
19,auxiliary,scanner/chargen/chargen_probe,
7777,auxiliary,scanner/backdoor/energizer_duo_detect,
548,auxiliary,scanner/afp/afp_server_info,
548,auxiliary,scanner/afp/afp_login,
5009,auxiliary,scanner/acpp/login,
80,auxiliary,gather/zabbix_toggleids_sqli,
80,auxiliary,gather/xerox_workcentre_5xxx_ldap,NewLDAPServer
80,auxiliary,gather/xerox_pwd_extract,
8080,auxiliary,gather/xbmc_traversal,
80,auxiliary,gather/wp_w3_total_cache_hash_extract,
80,auxiliary,gather/wp_ultimate_csv_importer_user_extract,
80,auxiliary,gather/wp_all_in_one_migration_export,
445,auxiliary,gather/windows_deployment_services_shares,
80,auxiliary,gather/vbulletin_vote_sqli,
9010,auxiliary,gather/trackit_sql_domain_creds,
10333,auxiliary,gather/teamtalk_creds,
8787,auxiliary,gather/solarwinds_orion_sqli,
6161,auxiliary,gather/snare_registry,
443,auxiliary,gather/qnap_backtrace_admin_hash,
8980,auxiliary,gather/opennms_xxe,
80,auxiliary,gather/netgear_password_disclosure,
5351,auxiliary,gather/natpmp_external_address,
80,auxiliary,gather/mybb_db_fingerprint,
80,auxiliary,gather/mongodb_js_inject_collection_enum,
11211,auxiliary,gather/memcached_extractor,
8443,auxiliary,gather/mcafee_epo_xxe,
80,auxiliary,gather/mantisbt_admin_sqli,
1433,auxiliary,gather/lansweeper_collector,
50001,auxiliary,gather/konica_minolta_pwd_extract,
88,auxiliary,gather/kerberos_enumusers,DOMAIN|USER_FILE
80,auxiliary,gather/joomla_weblinks_sqli,
80,auxiliary,gather/joomla_contenthistory_sqli,
80,auxiliary,gather/joomla_com_realestatemanager_sqli,
80,auxiliary,gather/jenkins_cred_recovery,
1099,auxiliary,gather/java_rmi_registry,
443,auxiliary,gather/impersonate_ssl,
443,auxiliary,gather/ibm_sametime_version,
443,auxiliary,gather/ibm_sametime_room_brute,DICT|OWNER
443,auxiliary,gather/ibm_sametime_enumerate_users,
80,auxiliary,gather/huawei_wifi_info,
443,auxiliary,gather/hp_snac_domain_creds,
5227,auxiliary,gather/hp_enum_perfd,
443,auxiliary,gather/f5_bigip_cookie_disclosure,
80,auxiliary,gather/external_ip,
8400,auxiliary,gather/eventlog_cred_disclosure,
443,auxiliary,gather/emc_cta_xxe,
4679,auxiliary,gather/eaton_nsm_creds,
80,auxiliary,gather/drupal_openid_xxe,
80,auxiliary,gather/doliwamp_traversal_creds,
1604,auxiliary,gather/darkcomet_filedownloader,
69,auxiliary,gather/d20pass,
80,auxiliary,gather/coldfusion_pwd_props,
1604,auxiliary,gather/citrix_published_bruteforce,
1604,auxiliary,gather/citrix_published_applications,
264,auxiliary,gather/checkpoint_hostname,
80,auxiliary,gather/cerberus_helpdesk_hash_disclosure,
80,auxiliary,gather/avtech744_dvr_accounts,
5038,auxiliary,gather/asterisk_creds,
8080,auxiliary,gather/apache_rave_creds,
443,auxiliary,gather/alienvault_newpolicyform_sqli,USERNAME|PASSWORD
443,auxiliary,gather/alienvault_iso27001_sqli,USERNAME|PASSWORD
80,auxiliary,gather/advantech_webaccess_creds,
80,auxiliary,crawler/msfcrawler,
25,auxiliary,client/smtp/emailer,
8080,auxiliary,client/hwbridge/connect,
42,exploit,windows/wins/ms04_045_wins,
5985,exploit,windows/winrm/winrm_script_exec,USERNAME|PASSWORD
62514,exploit,windows/vpn/safenet_ike_11,
5800,exploit,windows/vnc/winvnc_http_get,
69,exploit,windows/tftp/threectftpsvc_long_mode,
69,exploit,windows/tftp/tftpdwin_long_filename,
69,exploit,windows/tftp/tftpd32_long_filename,
69,exploit,windows/tftp/quick_tftp_pro_mode,
69,exploit,windows/tftp/opentftp_error_code,
69,exploit,windows/tftp/netdecision_tftp_traversal,
69,exploit,windows/tftp/futuresoft_transfermode,
69,exploit,windows/tftp/dlink_long_filename,
69,exploit,windows/tftp/distinct_tftp_traversal,
69,exploit,windows/tftp/attftp_long_filename,LHOST
2380,exploit,windows/telnet/goodtech_telnet,
23,exploit,windows/telnet/gamsoft_telsrv_username,
22,exploit,windows/ssh/sysax_ssh_username,
22,exploit,windows/ssh/freesshd_key_exchange,
22,exploit,windows/ssh/freesshd_authbypass,
22,exploit,windows/ssh/freeftpd_key_exchange,
25,exploit,windows/smtp/ypops_overflow1,
25,exploit,windows/smtp/wmailserver,
25,exploit,windows/smtp/ms03_046_exchange2000_xexch50,
25,exploit,windows/smtp/mercury_cram_md5,
25,exploit,windows/smtp/mailcarrier_smtp_ehlo,LHOST
445,exploit,windows/smb/psexec_psh,
445,exploit,windows/smb/psexec,
445,exploit,windows/smb/netidentity_xtierrpcpipe,
445,exploit,windows/smb/ms17_010_eternalblue,
445,exploit,windows/smb/ms10_061_spoolss,
445,exploit,windows/smb/ms09_050_smb2_negotiate_func_index,
445,exploit,windows/smb/ms08_067_netapi,
445,exploit,windows/smb/ms07_029_msdns_zonename,
445,exploit,windows/smb/ms06_070_wkssvc,DOMAIN
445,exploit,windows/smb/ms06_066_nwwks,
445,exploit,windows/smb/ms06_066_nwapi,
445,exploit,windows/smb/ms06_040_netapi,
445,exploit,windows/smb/ms06_025_rras,
445,exploit,windows/smb/ms06_025_rasmans_reg,
445,exploit,windows/smb/ms05_039_pnp,
445,exploit,windows/smb/ms04_031_netdde,
445,exploit,windows/smb/ms04_011_lsass,
445,exploit,windows/smb/ms04_007_killbill,
445,exploit,windows/smb/ms03_049_netapi,
445,exploit,windows/smb/ipass_pipe_exec,
5060,exploit,windows/sip/sipxphone_cseq,
5060,exploit,windows/sip/sipxezphone_cseq,
5061,exploit,windows/sip/aim_triton_cseq,
20010,exploit,windows/scada/yokogawa_bkfsim_vhfd,
46824,exploit,windows/scada/winlog_runtime_2,
46823,exploit,windows/scada/winlog_runtime,
2001,exploit,windows/scada/sunway_force_control_netdbsrv,
11234,exploit,windows/scada/scadapro_cmdexe,
912,exploit,windows/scada/realwin_scpc_txtevent,
912,exploit,windows/scada/realwin_scpc_initialize_rf,
912,exploit,windows/scada/realwin_scpc_initialize,
910,exploit,windows/scada/realwin_on_fcs_login,
910,exploit,windows/scada/realwin_on_fc_binfile_a,
910,exploit,windows/scada/realwin,
23,exploit,windows/scada/procyon_core_server,
4322,exploit,windows/scada/indusoft_webstudio_exec,
12397,exploit,windows/scada/igss_exec_17,
0,exploit,windows/scada/igss9_misc,
12401,exploit,windows/scada/igss9_igssdataserver_rename,
12401,exploit,windows/scada/igss9_igssdataserver_listall,
38080,exploit,windows/scada/iconics_genbroker,
80,exploit,windows/scada/ge_proficy_cimplicity_gefebt,
7579,exploit,windows/scada/factorylink_vrn_09,
7580,exploit,windows/scada/factorylink_csservice,
8080,exploit,windows/scada/codesys_web_server,
1211,exploit,windows/scada/codesys_gateway_server_traversal,
20222,exploit,windows/scada/citect_scada_odbc,
80,exploit,windows/scada/advantech_webaccess_dashboard_file_upload,
12221,exploit,windows/scada/abb_wserver_exec,
80,exploit,windows/proxy/qbik_wingate_wwwproxy,
3128,exploit,windows/proxy/proxypro_http_get,
23,exploit,windows/proxy/ccproxy_telnet_ping,
80,exploit,windows/proxy/bluecoat_winproxy_host,
5432,exploit,windows/postgres/postgres_payload,
110,exploit,windows/pop3/seattlelab_pass,
1521,exploit,windows/oracle/tns_service_name,
1521,exploit,windows/oracle/tns_auth_sesskey,
1521,exploit,windows/oracle/tns_arguments,
10000,exploit,windows/oracle/osb_ndmp_auth,
445,exploit,windows/oracle/extjob,
1158,exploit,windows/oracle/client_system_analyzer_upload,
689,exploit,windows/novell/nmap_stor,
443,exploit,windows/novell/netiq_pum_eval,
3037,exploit,windows/novell/file_reporter_fsfui_upload,
2049,exploit,windows/nfs/xlink_nfsd,
3306,exploit,windows/mysql/mysql_yassl_hello,
3306,exploit,windows/mysql/mysql_start_up,USERNAME|PASSWORD
3306,exploit,windows/mysql/mysql_payload,
3306,exploit,windows/mysql/mysql_mof,USERNAME|PASSWORD
80,exploit,windows/mssql/mssql_payload_sqli,
1433,exploit,windows/mssql/mssql_payload,
1433,exploit,windows/mssql/mssql_linkcrawler,PASSWORD
1433,exploit,windows/mssql/mssql_clr_payload,
80,exploit,windows/mssql/ms09_004_sp_replwritetovarbin_sqli,
1433,exploit,windows/mssql/ms09_004_sp_replwritetovarbin,
1433,exploit,windows/mssql/ms02_056_hello,
1434,exploit,windows/mssql/ms02_039_slammer,
1433,exploit,windows/mssql/lyris_listmanager_weak_pass,
407,exploit,windows/motorola/timbuktu_fileupload,
1755,exploit,windows/mmsp/ms10_025_wmss_connect_funnel,
514,exploit,windows/misc/windows_rsh,
20101,exploit,windows/misc/trendmicro_cmdprocessor_addtask,
113,exploit,windows/misc/tiny_identd_overflow,
30000,exploit,windows/misc/solidworks_workgroup_pdmwservice_file_write,
2000,exploit,windows/misc/shixxnote_font,
3200,exploit,windows/misc/sap_netweaver_dispatcher,
30000,exploit,windows/misc/sap_2005_license,
13579,exploit,windows/misc/plugx,
7414,exploit,windows/misc/nvidia_mental_ray,
22222,exploit,windows/misc/nettransport,
8082,exploit,windows/misc/ms10_104_sharepoint,
105,exploit,windows/misc/mercury_phonebook,
8400,exploit,windows/misc/manageengine_eventlog_analyzer_rce,
8001,exploit,windows/misc/lianja_db_net,
65535,exploit,windows/misc/landesk_aolnsrvr,
8880,exploit,windows/misc/ibm_websphere_java_deserialize,
1582,exploit,windows/misc/ibm_tsm_rca_dicugetidentify,
1582,exploit,windows/misc/ibm_tsm_cad_ping,
6988,exploit,windows/misc/ibm_director_cim_dllinject,
3050,exploit,windows/misc/ib_svc_attach,
3050,exploit,windows/misc/ib_isc_create_database,
3050,exploit,windows/misc/ib_isc_attach_database,
5051,exploit,windows/misc/hp_ovtrace,
5555,exploit,windows/misc/hp_omniinet_4,
5555,exploit,windows/misc/hp_omniinet_3,
5555,exploit,windows/misc/hp_omniinet_2,
5555,exploit,windows/misc/hp_omniinet_1,
23472,exploit,windows/misc/hp_magentservice,
443,exploit,windows/misc/hp_loadrunner_magentproc,
1811,exploit,windows/misc/hp_imc_uam,
5555,exploit,windows/misc/hp_dataprotector_traversal,
3817,exploit,windows/misc/hp_dataprotector_new_folder,
5555,exploit,windows/misc/hp_dataprotector_install_service,
5555,exploit,windows/misc/hp_dataprotector_exec_bar,
3817,exploit,windows/misc/hp_dataprotector_dtbclslogin,
5555,exploit,windows/misc/hp_dataprotector_cmd_exec,
10008,exploit,windows/misc/gimp_script_fu,
80,exploit,windows/misc/gh0st,
3050,exploit,windows/misc/fb_svc_attach,
3050,exploit,windows/misc/fb_isc_create_database,
3050,exploit,windows/misc/fb_isc_attach_database,
3050,exploit,windows/misc/fb_cnct_group,
10628,exploit,windows/misc/eiqnetworks_esa_topology,
10616,exploit,windows/misc/eiqnetworks_esa,
1100,exploit,windows/misc/doubletake,
6905,exploit,windows/misc/citrix_streamprocess_get_objects,
6905,exploit,windows/misc/citrix_streamprocess_get_footer,
6905,exploit,windows/misc/citrix_streamprocess_get_boot_record_request,
6905,exploit,windows/misc/citrix_streamprocess_data_msg,
6905,exploit,windows/misc/citrix_streamprocess,
3057,exploit,windows/misc/borland_starteam,
3050,exploit,windows/misc/borland_interbase,
19810,exploit,windows/misc/bopup_comm,
11000,exploit,windows/misc/bomberclone_overflow,
6660,exploit,windows/misc/bigant_server_usv,
6661,exploit,windows/misc/bigant_server_dupf_upload,
6660,exploit,windows/misc/bigant_server_250,
6080,exploit,windows/misc/bigant_server,
20031,exploit,windows/misc/bakbone_netvault_heap,
4659,exploit,windows/misc/avidphoneticindexer,
3217,exploit,windows/misc/avaya_winpmd_unihostrouter,
623,exploit,windows/misc/asus_dpcproxy_overflow,
402,exploit,windows/misc/altiris_ds_sqli,
705,exploit,windows/misc/agentxpp_receive_agentx,
13500,exploit,windows/lpd/wincomlpd_admin,
515,exploit,windows/lpd/saplpd,
515,exploit,windows/lpd/niprint,
515,exploit,windows/lpd/hummingbird_exceed,
25,exploit,windows/lotus/lotusnotes_lzh,MAILTO|SUBJECT
1533,exploit,windows/lotus/domino_sametime_stmux,
25,exploit,windows/lotus/domino_icalendar_organizer,MAILFROM|MAILTO
80,exploit,windows/lotus/domino_http_accept_language,
5093,exploit,windows/license/sentinel_lm7_udp,
10202,exploit,windows/license/calicserv_getconfig,
10203,exploit,windows/license/calicclnt_getconfig,
389,exploit,windows/ldap/pgp_keyserver7,
389,exploit,windows/ldap/imail_thc,
80,exploit,windows/isapi/w3who_query,
80,exploit,windows/isapi/rsa_webagent_redirect,
80,exploit,windows/isapi/ms03_051_fp30reg_chunked,
80,exploit,windows/isapi/ms03_022_nsiislog_post,
80,exploit,windows/isapi/ms00_094_pbserver,
143,exploit,windows/imap/novell_netmail_subscribe,
143,exploit,windows/imap/novell_netmail_status,
143,exploit,windows/imap/novell_netmail_auth,
143,exploit,windows/imap/novell_netmail_append,
143,exploit,windows/imap/mercury_rename,
143,exploit,windows/imap/mercury_login,
143,exploit,windows/imap/mercur_login,
143,exploit,windows/imap/mercur_imap_select_overflow,
143,exploit,windows/imap/mdaemon_fetch,
143,exploit,windows/imap/mdaemon_cram_md5,
143,exploit,windows/imap/mailenable_w3c_select,
143,exploit,windows/imap/mailenable_status,
143,exploit,windows/imap/mailenable_login,
143,exploit,windows/imap/ipswitch_search,
143,exploit,windows/imap/imail_delete,
143,exploit,windows/imap/eudora_list,
80,exploit,windows/iis/msadc,
80,exploit,windows/iis/ms03_007_ntdll_webdav,
80,exploit,windows/iis/ms02_065_msadc,
80,exploit,windows/iis/ms02_018_htr,
80,exploit,windows/iis/ms01_033_idq,
80,exploit,windows/iis/ms01_026_dbldecode,
80,exploit,windows/iis/ms01_023_printer,
80,exploit,windows/iis/iis_webdav_upload_asp,
80,exploit,windows/iis/iis_webdav_scstoragepathfromurl,
80,exploit,windows/http/zenworks_uploadservlet,
8080,exploit,windows/http/zenworks_assetmgmt_uploadservlet,
80,exploit,windows/http/xitami_if_mod_since,
80,exploit,windows/http/xampp_webdav_upload_php,
80,exploit,windows/http/webster_http,
443,exploit,windows/http/vmware_vcenter_chargeback_upload,
80,exploit,windows/http/umbraco_upload_aspx,
8080,exploit,windows/http/trendmicro_officescan,
80,exploit,windows/http/trackit_file_upload,
8090,exploit,windows/http/trackercam_phparg_overflow,
80,exploit,windows/http/sysax_create_folder,SysaxUSER|SysaxPASS
8080,exploit,windows/http/sybase_easerver,
8000,exploit,windows/http/steamcast_useragent,
80,exploit,windows/http/sonicwall_scrutinizer_sqli,
9000,exploit,windows/http/solarwinds_storage_manager_sql,
80,exploit,windows/http/solarwinds_fsm_userlogin,
80,exploit,windows/http/shttpd_post,
8000,exploit,windows/http/shoutcast_format,
80,exploit,windows/http/servu_session_cookie,
23423,exploit,windows/http/serviio_checkstreamurl_cmd_exec,
8443,exploit,windows/http/sepm_auth_bypass_rce,
80,exploit,windows/http/savant_31_overflow,
9999,exploit,windows/http/sapdb_webtools,
1128,exploit,windows/http/sap_host_control_cmd_exec,
50000,exploit,windows/http/sap_configservlet_exec_noauth,
80,exploit,windows/http/sambar6_search_results,
80,exploit,windows/http/rejetto_hfs_exec,
8888,exploit,windows/http/rabidhamster_r4_log,
8080,exploit,windows/http/psoproxy91_overflow,
80,exploit,windows/http/privatewire_gateway,
7144,exploit,windows/http/peercast_url,
443,exploit,windows/http/osb_uname_jlist,
9002,exploit,windows/http/oracle_event_processing_upload,
7770,exploit,windows/http/oracle_endeca_exec,
7001,exploit,windows/http/oracle_btm_writetofile,
80,exploit,windows/http/oracle_beehive_prepareaudiotoplay,
80,exploit,windows/http/oracle_beehive_evaluation,
8080,exploit,windows/http/oracle9i_xdb_pass,
80,exploit,windows/http/octopusdeploy_deploy,
8800,exploit,windows/http/nowsms,
8300,exploit,windows/http/novell_messenger_acceptlang,
80,exploit,windows/http/novell_mdm_lfi,
8080,exploit,windows/http/novell_imanager_upload,
8080,exploit,windows/http/netgear_nms_rce,
80,exploit,windows/http/navicopa_get_overflow,
8000,exploit,windows/http/miniweb_upload_wbem,
80,exploit,windows/http/minishare_get_overflow,
3000,exploit,windows/http/mdaemon_worldclient_form2raw,
81,exploit,windows/http/mcafee_epolicy_source,
9999,exploit,windows/http/maxdb_webdbm_get_overflow,
9999,exploit,windows/http/maxdb_webdbm_database,
8020,exploit,windows/http/manageengine_connectionid_write,
9090,exploit,windows/http/manageengine_apps_mngr,
80,exploit,windows/http/manage_engine_opmanager_rce,
80,exploit,windows/http/mailenable_auth_header,
9788,exploit,windows/http/lexmark_markvision_gfd_upload,
80,exploit,windows/http/landesk_thinkmanagement_upload_asp,
80,exploit,windows/http/kolibri_http,
80,exploit,windows/http/kaseya_uploadimage_file_upload,
80,exploit,windows/http/kaseya_uploader,
8080,exploit,windows/http/jira_collector_traversal,COLLECTOR
80,exploit,windows/http/ipswitch_wug_maincfgret,
57772,exploit,windows/http/intersystems_cache,
8000,exploit,windows/http/icecast_header,
1581,exploit,windows/http/ibm_tsm_cad_header,
443,exploit,windows/http/ibm_tpmfosd_overflow,
80,exploit,windows/http/ia_webmail,
80,exploit,windows/http/httpdx_tolog_format,
80,exploit,windows/http/httpdx_handlepeer,
8080,exploit,windows/http/hp_sitescope_runomagentcommand,
8080,exploit,windows/http/hp_sitescope_dns_tool,
80,exploit,windows/http/hp_power_manager_login,
80,exploit,windows/http/hp_power_manager_filename,
443,exploit,windows/http/hp_pcm_snac_update_domain,
443,exploit,windows/http/hp_pcm_snac_update_certificates,
80,exploit,windows/http/hp_openview_insight_backdoor,
80,exploit,windows/http/hp_nnm_webappmon_ovjavalocale,
80,exploit,windows/http/hp_nnm_webappmon_execvp,
80,exploit,windows/http/hp_nnm_toolbar_02,
80,exploit,windows/http/hp_nnm_toolbar_01,
80,exploit,windows/http/hp_nnm_snmpviewer_actapp,
80,exploit,windows/http/hp_nnm_snmp,
80,exploit,windows/http/hp_nnm_ovwebsnmpsrv_uro,
80,exploit,windows/http/hp_nnm_ovwebsnmpsrv_ovutil,
80,exploit,windows/http/hp_nnm_ovwebsnmpsrv_main,
80,exploit,windows/http/hp_nnm_ovwebhelp,
80,exploit,windows/http/hp_nnm_ovbuildpath_textfile,
7510,exploit,windows/http/hp_nnm_ovas,
80,exploit,windows/http/hp_nnm_ovalarm_lang,
80,exploit,windows/http/hp_nnm_openview5,
80,exploit,windows/http/hp_nnm_nnmrptconfig_schdparams,
80,exploit,windows/http/hp_nnm_nnmrptconfig_nameparams,
80,exploit,windows/http/hp_nnm_getnnmdata_maxage,
80,exploit,windows/http/hp_nnm_getnnmdata_icount,
80,exploit,windows/http/hp_nnm_getnnmdata_hostname,
80,exploit,windows/http/hp_mpa_job_acct,
8080,exploit,windows/http/hp_loadrunner_copyfiletoserver,
8080,exploit,windows/http/hp_imc_mibfileupload,
8080,exploit,windows/http/hp_imc_bims_upload,
5814,exploit,windows/http/hp_autopass_license_traversal,
80,exploit,windows/http/generic_http_dll_injection,
80,exploit,windows/http/fdm_auth_header,
8000,exploit,windows/http/ezserver_http,
80,exploit,windows/http/ektron_xslt_exec_ws,
80,exploit,windows/http/ektron_xslt_exec,
80,exploit,windows/http/efs_easychatserver_username,
8008,exploit,windows/http/edirectory_imonitor,
8028,exploit,windows/http/edirectory_host,
8080,exploit,windows/http/easyftp_list,
80,exploit,windows/http/easychatserver_seh,
80,exploit,windows/http/disk_pulse_enterprise_get,
8020,exploit,windows/http/desktopcentral_statusupdate_upload,
8020,exploit,windows/http/desktopcentral_file_upload,
7879,exploit,windows/http/cyclope_ess_sqli,
80,exploit,windows/http/coldfusion_fckeditor,
80,exploit,windows/http/cogent_datahub_command,
34443,exploit,windows/http/ca_totaldefense_regeneratereports,
5250,exploit,windows/http/ca_igateway_debug,
8014,exploit,windows/http/ca_arcserve_rpc_authbypass,
80,exploit,windows/http/belkin_bulldog,
80,exploit,windows/http/bea_weblogic_transfer_encoding,
80,exploit,windows/http/bea_weblogic_jsessionid,
80,exploit,windows/http/badblue_passthru,
80,exploit,windows/http/badblue_ext_overflow,
80,exploit,windows/http/avaya_ccr_imageupload_exec,
80,exploit,windows/http/apache_modjk_overflow,
80,exploit,windows/http/apache_mod_rewrite_ldap,
80,exploit,windows/http/apache_chunked,
80,exploit,windows/http/amlibweb_webquerydll_app,
1000,exploit,windows/http/altn_webadmin,
4000,exploit,windows/http/altn_securitygateway,
8080,exploit,windows/http/adobe_robohelper_authbypass,
7787,exploit,windows/games/ut2004_secure,
26000,exploit,windows/games/racer_503beta5,
12203,exploit,windows/games/mohaa_getinfo,
21,exploit,windows/ftp/xlink_server,
21,exploit,windows/ftp/wsftp_server_505_xmd5,
21,exploit,windows/ftp/wsftp_server_503_mkd,
5466,exploit,windows/ftp/wing_ftp_admin_exec,USERNAME|PASSWORD
21,exploit,windows/ftp/wftpd_size,
21,exploit,windows/ftp/warftpd_165_user,
21,exploit,windows/ftp/warftpd_165_pass,
21,exploit,windows/ftp/vermillion_ftpd_port,
21,exploit,windows/ftp/slimftpd_list_concat,
21,exploit,windows/ftp/servu_mdtm,
21,exploit,windows/ftp/servu_chmod,
5554,exploit,windows/ftp/sasser_ftpd_port,
21,exploit,windows/ftp/sami_ftpd_user,
21,exploit,windows/ftp/sami_ftpd_list,
21,exploit,windows/ftp/quickshare_traversal_write,
21,exploit,windows/ftp/pcman_stor,
21,exploit,windows/ftp/pcman_put,
2100,exploit,windows/ftp/oracle9i_xdb_ftp_unlock,
2100,exploit,windows/ftp/oracle9i_xdb_ftp_pass,
21,exploit,windows/ftp/open_ftpd_wbem,
21,exploit,windows/ftp/netterm_netftpd_user,
21,exploit,windows/ftp/ms09_053_ftpd_nlst,
21,exploit,windows/ftp/kmftp_utility_cwd,
21,exploit,windows/ftp/httpdx_tolog_format,
21,exploit,windows/ftp/globalscapeftp_input,
21,exploit,windows/ftp/freeftpd_user,
21,exploit,windows/ftp/freeftpd_pass,
21,exploit,windows/ftp/freefloatftp_wbem,
21,exploit,windows/ftp/freefloatftp_user,
21,exploit,windows/ftp/filecopa_list_overflow,
21,exploit,windows/ftp/easyftp_mkd_fixret,
21,exploit,windows/ftp/easyftp_list_fixret,
21,exploit,windows/ftp/easyftp_cwd_fixret,
21,exploit,windows/ftp/easyfilesharing_pass,
21,exploit,windows/ftp/dreamftp_format,
21,exploit,windows/ftp/comsnd_ftpd_fmtstr,
21,exploit,windows/ftp/cesarftp_mkd,
21,exploit,windows/ftp/ability_server_stor,
21,exploit,windows/ftp/3cdaemon_ftp_user,
44334,exploit,windows/firewall/kerio_auth,
1,exploit,windows/firewall/blackice_pam_icq,
6542,exploit,windows/emc/replication_manager_exec,
111,exploit,windows/emc/networker_format_string,
3000,exploit,windows/emc/alphastor_device_manager_exec,
41025,exploit,windows/emc/alphastor_agent,
25,exploit,windows/email/ms10_045_outlook_ref_resolve,MAILTO|SUBJECT
25,exploit,windows/email/ms10_045_outlook_ref_only,MAILTO|SUBJECT
25,exploit,windows/email/ms07_017_ani_loadimage_chunksize,MAILTO|SUBJECT
2103,exploit,windows/dcerpc/ms07_065_msmq,DNAME
0,exploit,windows/dcerpc/ms07_029_msdns_zonename,
2103,exploit,windows/dcerpc/ms05_017_msmq,HNAME
135,exploit,windows/dcerpc/ms03_026_dcom,
6050,exploit,windows/brightstor/universal_agent,
6502,exploit,windows/brightstor/tape_engine_0x8a,
6502,exploit,windows/brightstor/tape_engine,
6070,exploit,windows/brightstor/sql_agent,
6503,exploit,windows/brightstor/message_engine_heap,
6504,exploit,windows/brightstor/message_engine_72,
6503,exploit,windows/brightstor/message_engine,
111,exploit,windows/brightstor/mediasrv_sunrpc,
10202,exploit,windows/brightstor/license_gcr,
1900,exploit,windows/brightstor/lgserver_rxsuselicenseini,
1900,exploit,windows/brightstor/lgserver_rxssetdatagrowthscheduleandfilter,
1900,exploit,windows/brightstor/lgserver_rxrlogin,
1900,exploit,windows/brightstor/lgserver_multi,
1900,exploit,windows/brightstor/lgserver,
2000,exploit,windows/brightstor/hsmserver,
445,exploit,windows/brightstor/etrust_itm_alert,
41524,exploit,windows/brightstor/discovery_udp,
41523,exploit,windows/brightstor/discovery_tcp,
6504,exploit,windows/brightstor/ca_arcserve_342,HNAME
10000,exploit,windows/backupexec/remote_agent,
6101,exploit,windows/backupexec/name_service,
7777,exploit,windows/backdoor/energizer_duo_payload,
617,exploit,windows/arkeia/type77,
3628,exploit,windows/antivirus/trendmicro_serverprotect_earthagent,
5168,exploit,windows/antivirus/trendmicro_serverprotect_createbinding,
5168,exploit,windows/antivirus/trendmicro_serverprotect,
9855,exploit,windows/antivirus/symantec_workspace_streaming_exec,
2967,exploit,windows/antivirus/symantec_rtvscan,
38292,exploit,windows/antivirus/symantec_iao,
9090,exploit,windows/antivirus/symantec_endpoint_manager_rce,
12174,exploit,windows/antivirus/ams_xfr,
38292,exploit,windows/antivirus/ams_hndlrsvc,
6000,exploit,unix/x11/x11_keyboard_exec,
80,exploit,unix/webapp/zpanel_username_exec,USERNAME|PASSWORD
80,exploit,unix/webapp/zoneminder_packagecontrol_exec,
7071,exploit,unix/webapp/zimbra_lfi,
80,exploit,unix/webapp/zeroshell_exec,
80,exploit,unix/webapp/xoda_file_upload,
80,exploit,unix/webapp/wp_wysija_newsletters_upload,
80,exploit,unix/webapp/wp_wptouch_file_upload,PASSWORD|USER
80,exploit,unix/webapp/wp_wpshop_ecommerce_file_upload,
80,exploit,unix/webapp/wp_worktheflow_upload,
80,exploit,unix/webapp/wp_total_cache_exec,
80,exploit,unix/webapp/wp_symposium_shell_upload,
80,exploit,unix/webapp/wp_slideshowgallery_upload,WP_USER|WP_PASSWORD
80,exploit,unix/webapp/wp_revslider_upload_execute,
80,exploit,unix/webapp/wp_reflexgallery_file_upload,
80,exploit,unix/webapp/wp_property_upload_exec,
80,exploit,unix/webapp/wp_platform_exec,
80,exploit,unix/webapp/wp_pixabay_images_upload,
80,exploit,unix/webapp/wp_phpmailer_host_header,
80,exploit,unix/webapp/wp_photo_gallery_unrestricted_file_upload,USERNAME|PASSWORD
80,exploit,unix/webapp/wp_optimizepress_upload,
80,exploit,unix/webapp/wp_nmediawebsite_file_upload,
80,exploit,unix/webapp/wp_ninja_forms_unauthenticated_file_upload,FORM_PATH
80,exploit,unix/webapp/wp_lastpost_exec,
80,exploit,unix/webapp/wp_infusionsoft_upload,
80,exploit,unix/webapp/wp_inboundio_marketing_file_upload,
80,exploit,unix/webapp/wp_holding_pattern_file_upload,
80,exploit,unix/webapp/wp_google_document_embedder_exec,
80,exploit,unix/webapp/wp_frontend_editor_file_upload,
80,exploit,unix/webapp/wp_foxypress_upload,
80,exploit,unix/webapp/wp_easycart_unrestricted_file_upload,
80,exploit,unix/webapp/wp_downloadmanager_upload,
80,exploit,unix/webapp/wp_creativecontactform_file_upload,
80,exploit,unix/webapp/wp_asset_manager_upload_exec,
80,exploit,unix/webapp/wp_ajax_load_more_file_upload,WP_PASSWORD|WP_USERNAME
80,exploit,unix/webapp/wp_advanced_custom_fields_exec,
80,exploit,unix/webapp/wp_admin_shell_upload,USERNAME|PASSWORD
80,exploit,unix/webapp/webtester_exec,
10000,exploit,unix/webapp/webmin_show_cgi_exec,USERNAME|PASSWORD
80,exploit,unix/webapp/vicidial_user_authorization_unauth_cmd_exec,
80,exploit,unix/webapp/vicidial_manager_send_cmd_exec,
80,exploit,unix/webapp/vbulletin_vote_sqli_exec,
80,exploit,unix/webapp/twiki_search,
80,exploit,unix/webapp/twiki_maketext,
80,exploit,unix/webapp/twiki_history,
443,exploit,unix/webapp/tuleap_unserialize_exec,USERNAME|PASSWORD
80,exploit,unix/webapp/trixbox_langchoice,
80,exploit,unix/webapp/tikiwiki_upload_exec,
80,exploit,unix/webapp/tikiwiki_unserialize_exec,
80,exploit,unix/webapp/tikiwiki_jhot_exec,
80,exploit,unix/webapp/tikiwiki_graph_formula_exec,
80,exploit,unix/webapp/sugarcrm_unserialize_exec,USERNAME|PASSWORD
80,exploit,unix/webapp/sugarcrm_rest_unserialize_exec,
25,exploit,unix/webapp/squirrelmail_pgp_plugin,MAILTO|SUBJECT
80,exploit,unix/webapp/squash_yaml_exec,
80,exploit,unix/webapp/spip_connect_exec,
80,exploit,unix/webapp/sphpblog_file_upload,
80,exploit,unix/webapp/skybluecanvas_exec,
80,exploit,unix/webapp/sixapart_movabletype_storable_exec,
80,exploit,unix/webapp/simple_e_document_upload_exec,
80,exploit,unix/webapp/seportal_sqli_exec,
80,exploit,unix/webapp/redmine_scm_exec,
1220,exploit,unix/webapp/qtss_parse_xml_exec,
80,exploit,unix/webapp/projectsend_upload_exec,
80,exploit,unix/webapp/projectpier_upload_exec,
80,exploit,unix/webapp/piwik_superuser_plugin_upload,USERNAME|PASSWORD
80,exploit,unix/webapp/phpmyadmin_config,
80,exploit,unix/webapp/phpbb_highlight,
80,exploit,unix/webapp/php_xmlrpc_eval,
80,exploit,unix/webapp/php_vbulletin_template,
80,exploit,unix/webapp/php_include,
80,exploit,unix/webapp/php_eval,
80,exploit,unix/webapp/php_charts_exec,
80,exploit,unix/webapp/pajax_remote_exec,
80,exploit,unix/webapp/oscommerce_filemanager,
8899,exploit,unix/webapp/oracle_vm_agent_utl,HttpPassword
80,exploit,unix/webapp/openx_banner_edit,USERNAME|PASSWORD
80,exploit,unix/webapp/openview_connectednodes_exec,
80,exploit,unix/webapp/opensis_modname_exec,USERNAME|PASSWORD
80,exploit,unix/webapp/openemr_upload_exec,
80,exploit,unix/webapp/openemr_sqli_privesc_upload,PASS|USER
80,exploit,unix/webapp/open_flash_chart_upload_exec,
80,exploit,unix/webapp/narcissus_backend_exec,
80,exploit,unix/webapp/nagios_graph_explorer,PASSWORD
80,exploit,unix/webapp/nagios3_statuswml_ping,
80,exploit,unix/webapp/nagios3_history_cgi,
80,exploit,unix/webapp/mybb_backdoor,
80,exploit,unix/webapp/moinmoin_twikidraw,
80,exploit,unix/webapp/mitel_awc_exec,
80,exploit,unix/webapp/mambo_cache_lite,
80,exploit,unix/webapp/maarch_letterbox_file_upload,
80,exploit,unix/webapp/libretto_upload_exec,
80,exploit,unix/webapp/kimai_sqli,
80,exploit,unix/webapp/joomla_tinybrowser,
80,exploit,unix/webapp/joomla_media_upload_exec,
80,exploit,unix/webapp/joomla_contenthistory_sqli_rce,
80,exploit,unix/webapp/joomla_comjce_imgmanager,
80,exploit,unix/webapp/joomla_akeeba_unserialize,
80,exploit,unix/webapp/invision_pboard_unserialize_exec,
80,exploit,unix/webapp/instantcms_exec,
80,exploit,unix/webapp/hybridauth_install_php_exec,
80,exploit,unix/webapp/horde_unserialize_exec,
80,exploit,unix/webapp/havalite_upload_exec,
80,exploit,unix/webapp/hastymail_exec,PASS|USER
80,exploit,unix/webapp/guestbook_ssi_exec,
80,exploit,unix/webapp/graphite_pickle_exec,
80,exploit,unix/webapp/google_proxystylesheet_exec,
80,exploit,unix/webapp/get_simple_cms_upload_exec,USERNAME|PASSWORD
80,exploit,unix/webapp/generic_exec,
80,exploit,unix/webapp/freepbx_config_exec,
80,exploit,unix/webapp/foswiki_maketext,
80,exploit,unix/webapp/flashchat_upload_exec,
80,exploit,unix/webapp/egallery_upload_exec,
80,exploit,unix/webapp/drupal_restws_exec,
80,exploit,unix/webapp/drupal_coder_exec,
80,exploit,unix/webapp/dogfood_spell_exec,
80,exploit,unix/webapp/datalife_preview_exec,
80,exploit,unix/webapp/coppermine_piceditor,
80,exploit,unix/webapp/clipbucket_upload_exec,
443,exploit,unix/webapp/citrix_access_gateway_exec,
80,exploit,unix/webapp/carberp_backdoor_exec,
80,exploit,unix/webapp/cakephp_cache_corruption,
80,exploit,unix/webapp/cacti_graphimage_exec,
80,exploit,unix/webapp/basilic_diff_exec,
80,exploit,unix/webapp/base_qry_common,
80,exploit,unix/webapp/barracuda_img_exec,
80,exploit,unix/webapp/awstatstotals_multisort,
80,exploit,unix/webapp/awstats_migrate_exec,
80,exploit,unix/webapp/awstats_configdir_exec,
80,exploit,unix/webapp/arkeia_upload_exec,
80,exploit,unix/webapp/actualanalyzer_ant_cookie_exec,
22,exploit,unix/ssh/tectia_passwd_changereq,
22,exploit,unix/ssh/array_vxag_vapv_privkey_privesc,
25,exploit,unix/smtp/qmail_bash_env_exec,
25,exploit,unix/smtp/exim4_string_format,
25,exploit,unix/smtp/clamav_milter_blackhole,
10050,exploit,unix/misc/zabbix_agent_exec,
9100,exploit,unix/misc/xerox_mfp,
783,exploit,unix/misc/spamassassin_exec,
8000,exploit,unix/misc/qnx_qconn_exec,
23,exploit,unix/misc/psh_auth_bypass,
3632,exploit,unix/misc/distcc_exec,
6667,exploit,unix/irc/unreal_ircd_3281_backdoor,
80,exploit,unix/http/vmturbo_vmtadmin_exec_noauth,
80,exploit,unix/http/twiki_debug_plugins,
80,exploit,unix/http/lifesize_room,
80,exploit,unix/http/freepbx_callmenum,
80,exploit,unix/http/dell_kace_k1000_upload,
80,exploit,unix/http/ctek_skyrouter,
80,exploit,unix/http/contentkeeperweb_mimencode,
21,exploit,unix/ftp/vsftpd_234_backdoor,
80,exploit,unix/ftp/proftpd_modcopy_exec,
21,exploit,unix/ftp/proftpd_133c_backdoor,
23,exploit,solaris/telnet/ttyprompt,
23,exploit,solaris/telnet/fuser,
111,exploit,solaris/sunrpc/ypupdated_exec,
111,exploit,solaris/sunrpc/sadmind_exec,
111,exploit,solaris/sunrpc/sadmind_adm_build_path,
139,exploit,solaris/samba/trans2open,
445,exploit,solaris/samba/lsa_transnames_heap,
515,exploit,solaris/lpd/sendmail_exec,
6112,exploit,solaris/dtspcd/heap_noir,
139,exploit,osx/samba/trans2open,
445,exploit,osx/samba/lsa_transnames_heap,
8080,exploit,osx/http/evocam_webserver,
21,exploit,osx/ftp/webstar_ftp_user,
25,exploit,osx/email/mailapp_image_exec,MAILTO|SUBJECT
617,exploit,osx/arkeia/type77,
548,exploit,osx/afp/loginext,
111,exploit,netware/sunrpc/pkernel_callit,
445,exploit,netware/smb/lsass_cifs,
80,exploit,multi/wyse/hagent_untrusted_hsdata,
5900,exploit,multi/vnc/vnc_keyboard_exec,
1900,exploit,multi/upnp/libupnp_ssdp_overflow,
3690,exploit,multi/svn/svnserve_date,
22,exploit,multi/ssh/sshexec,PASSWORD
8000,exploit,multi/sap/sap_soap_rfc_sxpg_command_exec,
8000,exploit,multi/sap/sap_soap_rfc_sxpg_call_system_exec,
50013,exploit,multi/sap/sap_mgmt_con_osexec_payload,PASSWORD|USERNAME
139,exploit,multi/samba/usermap_script,
139,exploit,multi/samba/nttrans,
5432,exploit,multi/postgres/postgres_createlang,
80,exploit,multi/php/php_unserialize_zval_cookie,
123,exploit,multi/ntp/ntp_overflow,
10001,exploit,multi/misc/zend_java_bridge,
6667,exploit,multi/misc/xdh_x_exec,
921,exploit,multi/misc/wireshark_lwres_getaddrbyname_loop,
921,exploit,multi/misc/wireshark_lwres_getaddrbyname,
6667,exploit,multi/misc/w3tw0rk_exec,
6667,exploit,multi/misc/ra1nx_pubcall_exec,
3465,exploit,multi/misc/persistent_hpca_radexec_exec,
6667,exploit,multi/misc/pbot_exec,
5555,exploit,multi/misc/openview_omniback_exec,
5858,exploit,multi/misc/nodejs_v8_debugger,
55552,exploit,multi/misc/msf_rpc_console,PASSWORD
6667,exploit,multi/misc/legend_bot_exec,
1099,exploit,multi/misc/java_rmi_server,
8000,exploit,multi/misc/java_jdwp_debugger,
12345,exploit,multi/misc/indesign_server_soap,
13838,exploit,multi/misc/hp_vsa_exec,
5555,exploit,multi/misc/hp_data_protector_exec_integutil,
617,exploit,multi/misc/arkeia_agent_exec,
139,exploit,multi/ids/snort_dce_rpc,
80,exploit,multi/http/zpanel_information_disclosure_rce,
443,exploit,multi/http/zenworks_control_center_upload,
443,exploit,multi/http/zenworks_configuration_management_upload,
80,exploit,multi/http/zemra_panel_rce,
80,exploit,multi/http/zabbix_script_exec,
80,exploit,multi/http/x7chat2_php_exec,PASSWORD|USERNAME
80,exploit,multi/http/wp_ninja_forms_unauthenticated_file_upload,FORM_PATH
80,exploit,multi/http/wikka_spam_exec,USERNAME|PASSWORD|PAGE
80,exploit,multi/http/werkzeug_debug_rce,
80,exploit,multi/http/webpagetest_upload_exec,
9090,exploit,multi/http/webnms_file_upload,
80,exploit,multi/http/vtiger_soap_upload,
80,exploit,multi/http/vtiger_php_exec,
80,exploit,multi/http/vtiger_install_rce,
8001,exploit,multi/http/visual_mining_netcharts_upload,
80,exploit,multi/http/vbulletin_unserialize,
80,exploit,multi/http/vbseo_proc_deutf,
80,exploit,multi/http/v0pcr3w_exec,
9999,exploit,multi/http/uptime_file_upload_2,
9999,exploit,multi/http/uptime_file_upload_1,
443,exploit,multi/http/trendmicro_threat_discovery_admin_sys_time_cmdi,
80,exploit,multi/http/traq_plugin_exec,
80,exploit,multi/http/tomcat_mgr_upload,
80,exploit,multi/http/tomcat_mgr_deploy,
80,exploit,multi/http/testlink_upload_exec,
8080,exploit,multi/http/sysaid_rdslogs_file_upload,
8080,exploit,multi/http/sysaid_auth_file_upload,PASSWORD|USERNAME
80,exploit,multi/http/sun_jsws_dav_options,
80,exploit,multi/http/stunshell_exec,
80,exploit,multi/http/stunshell_eval,
8080,exploit,multi/http/struts_include_params,
8080,exploit,multi/http/struts_dmi_rest_exec,
8080,exploit,multi/http/struts_dmi_exec,
8080,exploit,multi/http/struts_dev_mode,
8080,exploit,multi/http/struts_default_action_mapper,
8080,exploit,multi/http/struts_code_exec_parameters,
8080,exploit,multi/http/struts_code_exec_exception_delegator,TARGETURI
8080,exploit,multi/http/struts_code_exec_classloader,
8080,exploit,multi/http/struts_code_exec,URI
8080,exploit,multi/http/struts2_rest_xstream,
8080,exploit,multi/http/struts2_content_type_ognl,
80,exploit,multi/http/spree_searchlogic_exec,
80,exploit,multi/http/spree_search_exec,
8000,exploit,multi/http/splunk_upload_app_exec,
8000,exploit,multi/http/splunk_mappy_exec,
80,exploit,multi/http/sonicwall_scrutinizer_methoddetail_sqli,
80,exploit,multi/http/sonicwall_gms_upload,
9000,exploit,multi/http/solarwinds_store_manager_auth_filter,
80,exploit,multi/http/snortreport_exec,
80,exploit,multi/http/sit_file_upload,USERNAME|PASSWORD
80,exploit,multi/http/simple_backdoors_exec,
80,exploit,multi/http/sflog_upload_exec,
8888,exploit,multi/http/rocket_servergraph_file_requestor_rce,
80,exploit,multi/http/rails_xml_yaml_code_exec,
3000,exploit,multi/http/rails_web_console_v2_code_exec,
80,exploit,multi/http/rails_secret_deserialization,SECRET
80,exploit,multi/http/rails_json_yaml_code_exec,
3000,exploit,multi/http/rails_dynamic_render_code_exec,
80,exploit,multi/http/rails_actionpack_inline_exec,
80,exploit,multi/http/qdpm_upload_exec,PASSWORD|USERNAME
80,exploit,multi/http/processmaker_exec,
80,exploit,multi/http/polarcms_upload_exec,
80,exploit,multi/http/pmwiki_pagelist,
8080,exploit,multi/http/plone_popen2,
80,exploit,multi/http/phpwiki_ploticus_exec,
80,exploit,multi/http/phptax_exec,
80,exploit,multi/http/phpscheduleit_start_date,
80,exploit,multi/http/phpmyadmin_preg_replace,
80,exploit,multi/http/phpmyadmin_3522_backdoor,
80,exploit,multi/http/phpmoadmin_exec,
80,exploit,multi/http/phpmailer_arg_injection,
80,exploit,multi/http/phpldapadmin_query_engine,
80,exploit,multi/http/phpfilemanager_rce,
80,exploit,multi/http/php_volunteer_upload_exec,
80,exploit,multi/http/php_utility_belt_rce,
80,exploit,multi/http/php_cgi_arg_injection,
80,exploit,multi/http/phoenix_exec,
80,exploit,multi/http/pandora_upload_exec,
2480,exploit,multi/http/orientdb_exec,
80,exploit,multi/http/oracle_reports_rce,
8088,exploit,multi/http/oracle_ats_file_upload,
80,exploit,multi/http/opmanager_socialit_file_upload,
80,exploit,multi/http/openx_backdoor_php,
80,exploit,multi/http/openmediavault_cmd_exec,
9090,exploit,multi/http/openfire_auth_bypass,
443,exploit,multi/http/op5_welcome,
443,exploit,multi/http/op5_license,
80,exploit,multi/http/novell_servicedesk_rce,
80,exploit,multi/http/nibbleblog_file_upload,USERNAME|PASSWORD
7021,exploit,multi/http/netwin_surgeftp_exec,
80,exploit,multi/http/nas4free_php_exec,
80,exploit,multi/http/mutiny_subnetmask_exec,
80,exploit,multi/http/movabletype_upgrade_exec,
80,exploit,multi/http/moodle_cmd_exec,PASSWORD
80,exploit,multi/http/mobilecartly_upload_exec,
80,exploit,multi/http/mma_backdoor_upload,
3790,exploit,multi/http/metasploit_webui_console_command_execution,USERNAME|PASSWORD
3790,exploit,multi/http/metasploit_static_secret_key_base,
80,exploit,multi/http/mediawiki_thumb,
80,exploit,multi/http/mediawiki_syntaxhighlight,
80,exploit,multi/http/mantisbt_php_exec,
6262,exploit,multi/http/manageengine_search_sqli,
8080,exploit,multi/http/manageengine_sd_uploader,
8080,exploit,multi/http/manageengine_auth_upload,
8020,exploit,multi/http/manage_engine_dc_pmp_sqli,
80,exploit,multi/http/magento_unserialize,
80,exploit,multi/http/log1cms_ajax_create_folder,
80,exploit,multi/http/lcms_php_exec,
80,exploit,multi/http/kordil_edms_upload_exec,
80,exploit,multi/http/joomla_http_header_rce,
80,exploit,multi/http/jira_hipchat_template,
80,exploit,multi/http/jenkins_script_console,
8080,exploit,multi/http/jboss_seam_upload_exec,
8080,exploit,multi/http/jboss_maindeployer,SRVHOST
8080,exploit,multi/http/jboss_invoke_deploy,
8080,exploit,multi/http/jboss_deploymentfilerepository,
8080,exploit,multi/http/jboss_bshdeployer,
80,exploit,multi/http/ispconfig_php_exec,
80,exploit,multi/http/ibm_openadmin_tool_soap_welcomeserver_exec,
7443,exploit,multi/http/hyperic_hq_script_console,
2381,exploit,multi/http/hp_sys_mgmt_exec,
8080,exploit,multi/http/hp_sitescope_uploadfileshandler,
8080,exploit,multi/http/hp_sitescope_issuesiebelcmd,
80,exploit,multi/http/horde_href_backdoor,
80,exploit,multi/http/glpi_install_rce,
80,exploit,multi/http/glossword_upload_exec,
4848,exploit,multi/http/glassfish_deployer,
80,exploit,multi/http/gitorious_graph,
80,exploit,multi/http/gitlab_shell_exec,
80,exploit,multi/http/git_submodule_command_exec,
80,exploit,multi/http/git_client_command_exec,
80,exploit,multi/http/gestioip_exec,
80,exploit,multi/http/freenas_exec_raw,
80,exploit,multi/http/familycms_less_exec,
80,exploit,multi/http/extplorer_upload_exec,
8400,exploit,multi/http/eventlog_file_upload,
4679,exploit,multi/http/eaton_nsm_code_exec,
80,exploit,multi/http/drupal_drupageddon,
80,exploit,multi/http/dexter_casinoloader_exec,
80,exploit,multi/http/cuteflow_upload_exec,
631,exploit,multi/http/cups_bash_env_exec,HttpPassword
80,exploit,multi/http/coldfusion_rds,
80,exploit,multi/http/cisco_dcnm_upload,
80,exploit,multi/http/caidao_php_backdoor_exec,
80,exploit,multi/http/builderengine_upload_exec,
80,exploit,multi/http/bolt_file_upload,PASSWORD|USERNAME
8080,exploit,multi/http/bassmaster_js_injection,
8080,exploit,multi/http/axis2_deployer,
80,exploit,multi/http/auxilium_upload_exec,
80,exploit,multi/http/atutor_sqli,
80,exploit,multi/http/apprain_upload_exec,
8080,exploit,multi/http/apache_roller_ognl_injection,
80,exploit,multi/http/apache_mod_cgi_bash_env_exec,TARGETURI
8080,exploit,multi/http/apache_jetspeed_file_upload,
8161,exploit,multi/http/apache_activemq_upload_jsp,
80,exploit,multi/http/ajaxplorer_checkinstall_exec,
80,exploit,multi/http/activecollab_chat,PASS|USER
21,exploit,multi/ftp/wuftpd_site_exec_format,
21,exploit,multi/ftp/pureftpd_bash_env_exec,
9200,exploit,multi/elasticsearch/search_groovy_script,
9200,exploit,multi/elasticsearch/script_mvel_rce,
21,exploit,mainframe/ftp/ftp_jcl_creds,
1900,exploit,linux/upnp/dlink_upnp_msearch_exec,
23,exploit,linux/telnet/telnet_encrypt_keyid,
22,exploit,linux/ssh/vmware_vdp_known_privkey,
443,exploit,linux/ssh/ubiquiti_airos_file_upload,
22,exploit,linux/ssh/symantec_smg_ssh,
32022,exploit,linux/ssh/solarwinds_lem_exec,
22,exploit,linux/ssh/quantum_vmpro_backdoor,
22,exploit,linux/ssh/quantum_dxi_known_privkey,
22,exploit,linux/ssh/mercurial_ssh_exec,SSH_PRIV_KEY_FILE
22,exploit,linux/ssh/loadbalancerorg_enterprise_known_privkey,
22,exploit,linux/ssh/f5_bigip_known_privkey,
22,exploit,linux/ssh/exagrid_known_privkey,
22,exploit,linux/ssh/ceragon_fibeair_known_privkey,
25,exploit,linux/smtp/exim4_dovecot_exec,
139,exploit,linux/samba/trans2open,
445,exploit,linux/samba/setinfopolicy_heap,
445,exploit,linux/samba/lsa_transnames_heap,
445,exploit,linux/samba/is_known_pipename,
139,exploit,linux/samba/chain_reply,
1723,exploit,linux/pptp/poptop_negative_read,
5432,exploit,linux/postgres/postgres_payload,
110,exploit,linux/pop3/cyrus_pop3d_popsubfolders,
3306,exploit,linux/mysql/mysql_yassl_hello,
3306,exploit,linux/mysql/mysql_yassl_getname,
10051,exploit,linux/misc/zabbix_server_exec,
32764,exploit,linux/misc/sercomm_exec,
9251,exploit,linux/misc/qnap_transcode_server,
1099,exploit,linux/misc/opennms_java_serialize,
5405,exploit,linux/misc/netsupport_manager_agent,
53413,exploit,linux/misc/netcore_udp_53413_backdoor,
5666,exploit,linux/misc/nagios_nrpe_arguments,
27017,exploit,linux/misc/mongod_native_helper,
515,exploit,linux/misc/lprng_format_string,
8080,exploit,linux/misc/jenkins_java_deserialize,
3050,exploit,linux/misc/ib_pwd_db_aliased,
3050,exploit,linux/misc/ib_open_marker_file,
3050,exploit,linux/misc/ib_jrd8_create_database,
3050,exploit,linux/misc/ib_inet_connect,
2207,exploit,linux/misc/hplip_hpssd_exec,
5555,exploit,linux/misc/hp_data_protector_cmd_exec,
2525,exploit,linux/misc/gld_postfix,
8812,exploit,linux/misc/accellion_fta_mpipe2,
143,exploit,linux/imap/imap_uw_lsub,
9080,exploit,linux/ids/snortbopre,
40007,exploit,linux/ids/alienvault_centerd_soap_exec,
8080,exploit,linux/http/zenoss_showdaemonxmlconfig_exec,
444,exploit,linux/http/zen_load_balancer_exec,
80,exploit,linux/http/zabbix_sqli,
80,exploit,linux/http/wipg1000_cmd_injection,
80,exploit,linux/http/webid_converter,
80,exploit,linux/http/webcalendar_settings_exec,
80,exploit,linux/http/wanem_exec,
80,exploit,linux/http/vcms_upload,
80,exploit,linux/http/vap2500_tools_command_exec,
80,exploit,linux/http/trueonline_p660hn_v2_rce,LHOST
80,exploit,linux/http/trueonline_p660hn_v1_rce,
80,exploit,linux/http/trueonline_billion_5200w_rce,
80,exploit,linux/http/trendmicro_sps_exec,
8445,exploit,linux/http/trend_micro_imsva_exec,
7547,exploit,linux/http/tr064_ntpserver_cmdinject,
80,exploit,linux/http/tp_link_sc2020n_authenticated_telnet_injection,
80,exploit,linux/http/tiki_calendar_exec,
5000,exploit,linux/http/synology_dsm_sliceupload_exec_noauth,
80,exploit,linux/http/symantec_web_gateway_restore,USERNAME|PASSWORD
80,exploit,linux/http/symantec_web_gateway_pbcontrol,
80,exploit,linux/http/symantec_web_gateway_lfi,
80,exploit,linux/http/symantec_web_gateway_file_upload,
80,exploit,linux/http/symantec_web_gateway_exec,
443,exploit,linux/http/symantec_messaging_gateway_exec,SSH_PASSWORD|SSH_ADDRESS|USERNAME|PASSWORD|SSH_USERNAME
9001,exploit,linux/http/supervisor_xmlrpc_exec,
443,exploit,linux/http/sophos_wpa_sblistpack_exec,
443,exploit,linux/http/sophos_wpa_iface_exec,USERNAME|PASSWORD
80,exploit,linux/http/seagate_nas_php_exec_noauth,
443,exploit,linux/http/riverbed_netprofiler_netexpress_exec,
52869,exploit,linux/http/realtek_miniigd_upnp_exec_noauth,
8080,exploit,linux/http/rancher_server,
80,exploit,linux/http/railo_cfml_rfi,
80,exploit,linux/http/raidsonic_nas_ib5220_exec_noauth,
80,exploit,linux/http/piranha_passwd_exec,
1471,exploit,linux/http/pineapple_preconfig_cmdinject,
1471,exploit,linux/http/pineapple_bypass_cmdinject,
7443,exploit,linux/http/pineapp_test_li_conn_exec,
7443,exploit,linux/http/pineapp_livelog_exec,
7443,exploit,linux/http/pineapp_ldapsyncnow_exec,
7144,exploit,linux/http/peercast_url,
80,exploit,linux/http/pandora_fms_sqli,
8023,exploit,linux/http/pandora_fms_exec,
446,exploit,linux/http/openfiler_networkcard_exec,
443,exploit,linux/http/op5_config_exec,
8081,exploit,linux/http/nuuo_nvrmini_unauth_rce,
8081,exploit,linux/http/nuuo_nvrmini_auth_rce,
80,exploit,linux/http/nginx_chunked_size,
80,exploit,linux/http/netgear_wnr2000_rce,
443,exploit,linux/http/netgear_readynas_exec,
80,exploit,linux/http/netgear_r7000_cgibin_exec,
80,exploit,linux/http/netgear_dnslookup_cmd_exec,USERNAME|PASSWORD
80,exploit,linux/http/netgear_dgn2200b_pppoe_exec,
80,exploit,linux/http/netgear_dgn1000b_setup_exec,
80,exploit,linux/http/nagios_xi_chained_rce,
80,exploit,linux/http/mvpower_dvr_shell_exec,
80,exploit,linux/http/mutiny_frontend_upload,
80,exploit,linux/http/multi_ncc_ping_exec,
80,exploit,linux/http/logsign_exec,
80,exploit,linux/http/linksys_wrt54gl_apply_exec,
80,exploit,linux/http/linksys_wrt160nv2_apply_exec,LHOST
80,exploit,linux/http/linksys_wrt110_cmd_exec,
80,exploit,linux/http/linksys_themoon_exec,
80,exploit,linux/http/linksys_e1500_apply_exec,
80,exploit,linux/http/linksys_apply_cgi,
443,exploit,linux/http/lifesize_uvc_ping_rce,
7778,exploit,linux/http/kloxo_sqli,
80,exploit,linux/http/kaltura_unserialize_rce,
444,exploit,linux/http/ipfire_proxy_exec,
444,exploit,linux/http/ipfire_oinkcode_exec,
444,exploit,linux/http/ipfire_bashbug_exec,
80,exploit,linux/http/huawei_hg532n_cmdinject,
2381,exploit,linux/http/hp_system_management,
80,exploit,linux/http/groundwork_monarch_cmd_exec,
2947,exploit,linux/http/gpsd_format_string,
443,exploit,linux/http/goautodial_3_rce_command_injection,
80,exploit,linux/http/gitlist_exec,
80,exploit,linux/http/github_enterprise_secret,
80,exploit,linux/http/fritzbox_echo_exec,
443,exploit,linux/http/foreman_openstack_satellite_code_exec,
443,exploit,linux/http/f5_icontrol_exec,
443,exploit,linux/http/f5_icall_cmd,
80,exploit,linux/http/esva_exec,
8080,exploit,linux/http/empire_skywalker,
80,exploit,linux/http/efw_chpasswd_exec,EFW_PASSWORD|EFW_USERNAME
80,exploit,linux/http/dreambox_openpli_shell,
80,exploit,linux/http/dolibarr_cmd_exec,
2375,exploit,linux/http/docker_daemon_tcp,
80,exploit,linux/http/dnalims_admin_exec,
49152,exploit,linux/http/dlink_upnp_exec_noauth,
80,exploit,linux/http/dlink_hnap_header_exec_noauth,
80,exploit,linux/http/dlink_dspw110_cookie_noauth_exec,
80,exploit,linux/http/dlink_dir615_up_exec,
80,exploit,linux/http/dlink_dir300_exec_telnet,
80,exploit,linux/http/dlink_diagnostic_exec_noauth,
80,exploit,linux/http/dlink_dcs_930l_authenticated_remote_command_execution,
80,exploit,linux/http/dlink_dcs931l_upload,
80,exploit,linux/http/dlink_command_php_exec_noauth,
80,exploit,linux/http/denyall_waf_exec,
80,exploit,linux/http/ddwrt_cgibin_exec,
8080,exploit,linux/http/dcos_marathon,
80,exploit,linux/http/crypttech_cryptolog_login_exec,
80,exploit,linux/http/cisco_firepower_useradd,
443,exploit,linux/http/cfme_manageiq_evm_upload_exec,
80,exploit,linux/http/centreon_useralias_exec,
80,exploit,linux/http/centreon_sqli_exec,
80,exploit,linux/http/atutor_filemanager_traversal,
80,exploit,linux/http/astium_sqli_upload,
8080,exploit,linux/http/apache_continuum_cmd_exec,
443,exploit,linux/http/alienvault_sqli_exec,
443,exploit,linux/http/alienvault_exec,
443,exploit,linux/http/alcatel_omnipcx_mastercgi_exec,
80,exploit,linux/http/advantech_switch_bash_env_exec,
443,exploit,linux/http/accellion_fta_getstatus_oauth,
7787,exploit,linux/games/ut2004_secure,
21,exploit,linux/ftp/proftp_telnet_iac,
21,exploit,linux/ftp/proftp_sreplace,
10080,exploit,linux/antivirus/escan_password_exec,USERNAME
515,exploit,irix/lpd/tagprinter_exec,
515,exploit,hpux/lpd/cleanup_exec,
23,exploit,freebsd/telnet/telnet_encrypt_keyid,
49,exploit,freebsd/tacacs/xtacacsd_report,
139,exploit,freebsd/samba/trans2open,
443,exploit,freebsd/http/watchguard_cmd_exec,
21,exploit,freebsd/ftp/proftp_telnet_iac,
80,exploit,bsdi/softcart/mercantec_softcart,
22,exploit,apple_ios/ssh/cydia_default_ssh,
25,exploit,apple_ios/email/mobilemail_libtiff,MAILTO|SUBJECT
5555,exploit,android/adb/adb_server_exec,
111,exploit,aix/rpc_ttdbserverd_realpath,
111,exploit,aix/rpc_cmsd_opcode21,
